-- MySQL dump 10.13  Distrib 5.5.62, for Win64 (AMD64)
--
-- Host: beitech-sas.ccnlcdeiv1f1.us-east-1.rds.amazonaws.com    Database: test
-- ------------------------------------------------------
-- Server version	5.6.40

/*!40101 SET @OLD_CHARACTER_SET_CLIENT=@@CHARACTER_SET_CLIENT */;
/*!40101 SET @OLD_CHARACTER_SET_RESULTS=@@CHARACTER_SET_RESULTS */;
/*!40101 SET @OLD_COLLATION_CONNECTION=@@COLLATION_CONNECTION */;
/*!40101 SET NAMES utf8 */;
/*!40103 SET @OLD_TIME_ZONE=@@TIME_ZONE */;
/*!40103 SET TIME_ZONE='+00:00' */;
/*!40014 SET @OLD_UNIQUE_CHECKS=@@UNIQUE_CHECKS, UNIQUE_CHECKS=0 */;
/*!40014 SET @OLD_FOREIGN_KEY_CHECKS=@@FOREIGN_KEY_CHECKS, FOREIGN_KEY_CHECKS=0 */;
/*!40101 SET @OLD_SQL_MODE=@@SQL_MODE, SQL_MODE='NO_AUTO_VALUE_ON_ZERO' */;
/*!40111 SET @OLD_SQL_NOTES=@@SQL_NOTES, SQL_NOTES=0 */;

--
-- Table structure for table `customer`
--

DROP TABLE IF EXISTS `customer`;
/*!40101 SET @saved_cs_client     = @@character_set_client */;
/*!40101 SET character_set_client = utf8 */;
CREATE TABLE `customer` (
  `customer_id` int(10) unsigned NOT NULL AUTO_INCREMENT,
  `name` varchar(191) COLLATE utf8mb4_unicode_ci NOT NULL,
  `email` varchar(191) COLLATE utf8mb4_unicode_ci NOT NULL,
  PRIMARY KEY (`customer_id`),
  UNIQUE KEY `customers_email_unique` (`email`)
) ENGINE=InnoDB AUTO_INCREMENT=26 DEFAULT CHARSET=utf8mb4 COLLATE=utf8mb4_unicode_ci;
/*!40101 SET character_set_client = @saved_cs_client */;

--
-- Dumping data for table `customer`
--

LOCK TABLES `customer` WRITE;
/*!40000 ALTER TABLE `customer` DISABLE KEYS */;
INSERT INTO `customer` VALUES (1,'juan soto','juan_soto@testbeitech.com'),(2,'laura acosta','laura_acosta@testbeitech.com'),(3,'maria medrano','maria_medrano@testbeitech.com'),(4,'daniela martinez','daniela_martinez@testbeitech.com'),(5,'stefany florez','stefany_florez@testbeitech.com'),(6,'jose ruiz','jose_ruiz@testbeitech.com'),(7,'leticia aguirre','leticia_aguirre@testbeitech.com'),(8,'lida pineda','lida_pineda@testbeitech.com'),(9,'alicia llorente','alicia_llorente@testbeitech.com'),(10,'samuel rojas','samuel_rojas@testbeitech.com'),(11,'luis ortiz','luis_ortiz@testbeitech.com'),(12,'pablo castro','pablo_castro@testbeitech.com'),(13,'lina molina','lina_molina@testbeitech.com'),(14,'dana moreno','dana_moreno@testbeitech.com'),(15,'jesus luna','jesus_luna@testbeitech.com'),(16,'david morales','david_morales@testbeitech.com'),(17,'diana castillo','diana_castillo@testbeitech.com'),(18,'sandra silva','sandra_silva@testbeitech.com'),(19,'oscar arias','oscar_arias@testbeitech.com'),(20,'tomas vargas','tomas_vargas@testbeitech.com'),(21,'andrea ramos','andrea_ramos@testbeitech.com'),(22,'vanessa bravo','vanessa_bravo@testbeitech.com'),(23,'vilma duarte','vilma_duarte@testbeitech.com'),(24,'fernanda escobar','fernanda_escobar@testbeitech.com'),(25,'maria herrera','maria_herrera@testbeitech.com');
/*!40000 ALTER TABLE `customer` ENABLE KEYS */;
UNLOCK TABLES;

--
-- Table structure for table `customer_product`
--

DROP TABLE IF EXISTS `customer_product`;
/*!40101 SET @saved_cs_client     = @@character_set_client */;
/*!40101 SET character_set_client = utf8 */;
CREATE TABLE `customer_product` (
  `customer_id` int(10) unsigned NOT NULL,
  `product_id` int(10) unsigned NOT NULL,
  PRIMARY KEY (`customer_id`,`product_id`),
  KEY `customer_product_customer_id_foreign` (`customer_id`),
  KEY `customer_product_product_id_foreign` (`product_id`),
  CONSTRAINT `customer_product_customer_id_foreign` FOREIGN KEY (`customer_id`) REFERENCES `customer` (`customer_id`),
  CONSTRAINT `customer_product_product_id_foreign` FOREIGN KEY (`product_id`) REFERENCES `product` (`product_id`)
) ENGINE=InnoDB DEFAULT CHARSET=utf8mb4 COLLATE=utf8mb4_unicode_ci;
/*!40101 SET character_set_client = @saved_cs_client */;

--
-- Dumping data for table `customer_product`
--

LOCK TABLES `customer_product` WRITE;
/*!40000 ALTER TABLE `customer_product` DISABLE KEYS */;
INSERT INTO `customer_product` VALUES (1,10),(1,15),(1,16),(1,18),(2,3),(2,13),(2,17),(3,2),(3,7),(3,9),(3,19),(4,5),(4,13),(4,15),(5,1),(5,7),(5,11),(5,17),(5,20),(6,3),(6,4),(6,7),(7,7),(7,10),(7,15),(8,2),(8,11),(8,12),(8,20),(9,4),(9,7),(9,13),(10,3),(10,7),(10,15),(11,1),(11,5),(11,9),(11,15),(11,19),(12,5),(12,16),(12,20),(13,2),(13,15),(13,20),(14,1),(14,3),(14,7),(14,14),(15,7),(15,11),(15,17),(16,5),(16,9),(16,12),(16,17),(17,2),(17,16),(17,17),(18,14),(18,20),(19,5),(19,7),(19,9),(19,15),(19,19),(20,12),(20,15),(20,17),(21,1),(21,4),(21,6),(22,2),(22,6),(22,12),(22,16),(23,2),(23,7),(23,18),(24,8),(24,10),(24,16),(24,18),(25,2),(25,13);
/*!40000 ALTER TABLE `customer_product` ENABLE KEYS */;
UNLOCK TABLES;

--
-- Table structure for table `order`
--

DROP TABLE IF EXISTS `order`;
/*!40101 SET @saved_cs_client     = @@character_set_client */;
/*!40101 SET character_set_client = utf8 */;
CREATE TABLE `order` (
  `order_id` int(10) unsigned NOT NULL AUTO_INCREMENT,
  `customer_id` int(10) unsigned NOT NULL,
  `creation_date` date NOT NULL,
  `delivery_address` varchar(191) COLLATE utf8mb4_unicode_ci NOT NULL,
  `total` double(15,2) NOT NULL,
  PRIMARY KEY (`order_id`),
  KEY `orders_customer_id_foreign` (`customer_id`),
  CONSTRAINT `orders_customer_id_foreign` FOREIGN KEY (`customer_id`) REFERENCES `customer` (`customer_id`)
) ENGINE=InnoDB AUTO_INCREMENT=927 DEFAULT CHARSET=utf8mb4 COLLATE=utf8mb4_unicode_ci;
/*!40101 SET character_set_client = @saved_cs_client */;

--
-- Dumping data for table `order`
--

LOCK TABLES `order` WRITE;
/*!40000 ALTER TABLE `order` DISABLE KEYS */;
INSERT INTO `order` VALUES (2,1,'2021-02-19','1',1.00),(10,1,'2021-02-19','10',10.00),(51,1,'2019-01-01','asdasd',100000.00),(52,1,'2021-02-16','52',52.00),(53,1,'2019-06-09','Calle3',13333.00),(76,1,'2019-06-10','Calle Maria 63 Oficina 702',156000.00),(77,1,'2010-01-03','Calle 82 #11-37 Piso',1234567.00),(78,1,'2010-01-03','Calle 82 #11-37 Piso',1234567.00),(80,1,'2010-01-05','Calle 82 #11-37 Piso',0.00),(81,1,'2010-01-25','Calle 82 #11-37 Piso',375400.00),(82,1,'2019-06-10','Calle 82 #11-37 Piso',283600.00),(100,1,'2010-01-03','Calle 99 No 10 – 99 Piso 6',500.00),(103,1,'2019-07-28','Cra 16 # 183-43',185000.00),(104,1,'2019-07-28','Cra 16 # 183-43',185000.00),(105,1,'2019-07-28','Cra 16 # 183-43',185000.00),(106,1,'2019-07-28','Cra 16 # 183-43',185000.00),(107,1,'2019-07-28','Cra 16 # 183-43',185000.00),(108,1,'2019-07-28','Cra 16 # 183-43',185000.00),(109,1,'2019-07-28','Cra 16 # 183-43',185000.00),(110,2,'2019-07-28','Cra 16 # 183-43',185000.00),(111,2,'2019-07-28','Cra 16 # 183-43',185000.00),(112,2,'2019-07-28','Cra 16 # 183-43',185000.00),(113,6,'2019-07-31','Calle 137A',4.00),(114,8,'2019-07-31','calle falsa 123',6300.00),(115,8,'2019-07-31','calle falsa 123',6300.00),(116,9,'2019-07-31','casa quinta',10300.00),(117,10,'2019-07-31','casa quinta',45000.00),(118,11,'2019-07-31','r',60000.00),(119,12,'2019-07-31','r',359500.00),(120,17,'2019-07-31','aaa',6300.00),(121,1,'2019-07-31','aaa',156300.00),(122,13,'2019-07-31','casa de lina',10500.00),(123,1,'2021-02-16','456',0.00),(124,1,'2019-07-31','Cra 16',200000.00),(125,2,'2019-07-31','Cra 16 # 183-43',185000.00),(126,2,'2019-07-31','Cra 16 # 183-43',185000.00),(127,2,'2019-07-31','Cra 16 # 183-43',185000.00),(128,2,'2019-07-31','Cra 16 # 183-43',185000.00),(129,2,'2019-07-31','Cra 16 # 183-43',185000.00),(130,2,'2019-07-31','Cra 16 # 183-43',185000.00),(131,2,'2019-07-31','Cra 16 # 183-43',185000.00),(132,1,'2019-07-31','Cra 16 #183',150000.00),(133,2,'2019-07-31','Cra 16 # 183-43',185000.00),(134,1,'2019-08-03','Add1',203300.00),(135,3,'2019-08-03','Address 1',23200.00),(136,1,'2019-08-08','11',3000.00),(137,1,'2019-08-08','11',3000.00),(138,1,'2019-08-08','11',3000.00),(139,1,'2019-08-08','11',3000.00),(140,1,'2019-08-08','11',3000.00),(141,1,'2019-08-08','11',3000.00),(142,1,'2019-08-08','11',3000.00),(143,1,'2019-08-08','11',3000.00),(144,1,'2019-08-08','11',3000.00),(145,1,'2019-08-08','11',3000.00),(146,1,'2019-08-08','11',3000.00),(147,1,'2019-08-08','11',3000.00),(148,1,'2019-08-08','11',3000.00),(149,1,'2019-08-08','11',3000.00),(150,1,'2019-08-08','11',3000.00),(151,1,'2019-08-18','cra 15 no. 15',10000.00),(152,1,'2019-08-18','cra 15 no. 15',10000.00),(153,1,'2019-08-18','description',2000.00),(154,1,'2019-08-18','cra con calle',1000.00),(155,1,'2019-08-18','carrera 15',200000.00),(156,1,'2019-08-19','carrera 15',200000.00),(157,2,'2019-08-19','carrera 15',200000.00),(158,2,'2019-08-19','carrera 15',200000.00),(159,2,'2019-08-19','carrera 15',200000.00),(160,2,'2019-08-19','carrera 21',200000.00),(161,2,'2019-08-19','carrera 21',200000.00),(162,2,'2019-08-19','carrera 21',200000.00),(163,3,'2019-08-19','carrera 21',200000.00),(180,1,'2019-01-01','Calle Maria 63 Oficina 702',91800.00),(181,1,'2019-01-01','Calle Maria 63 Oficina 702',91800.00),(182,21,'2019-01-01','Calle Maria 63 Oficina 702',197800.00),(185,21,'2019-08-20','Calle Maria 63 Oficina 702',197800.00),(187,21,'2019-08-20','Calle Maria 63 Oficina 702',206000.00),(190,21,'2019-08-20','Calle Maria 63 Oficina 702',206000.00),(192,21,'2019-08-20','Calle AABB',206000.00),(193,21,'2019-08-20','Calle AABB',206000.00),(196,1,'2019-08-24','Calle Maria 63 Oficina 702',50000.00),(199,2,'2019-08-24','calle falsa 123',4500.00),(200,2,'2019-08-24','calle falsa 123',4500.00),(201,2,'2023-03-24','calle falsa 123',15000.00),(202,1,'2023-06-24','calle falsa 123',20500.00),(203,1,'2019-08-24','calle falsa 123',50000.00),(204,2,'2019-08-24','calle falsa 123',15000.00),(210,25,'2019-08-26','61 Wellfield Road',46000.00),(211,25,'2019-08-27','61 Wellfield Road',20000.00),(212,25,'2019-08-24','Calle Maria 63 Oficina 702',91800.00),(213,25,'2019-08-27','61 Wellfield Road',6600.00),(214,1,'2019-08-30','DIRECCIÓN PRUEBA',0.00),(215,1,'2019-08-30','Calle 47',212000.00),(216,1,'2019-08-31','Calle 47',268000.00),(217,2,'2019-09-01','Carrera 9 No 47-52',0.00),(218,2,'2019-09-01','Carrera 9 No 47-52',19500.00),(219,25,'2019-09-01','casa 23',2400.00),(220,25,'2019-09-02','casa 23',2500.00),(221,25,'2019-09-02','casa 42',8500.00),(222,25,'2019-09-02','casa 24',3400.00),(223,25,'2019-09-02','camino real',12500.00),(224,25,'2019-09-02','',0.00),(225,25,'2019-09-02','Casa 22',0.00),(226,1,'2019-09-02','Av 100 El dorado',50000.00),(227,1,'2019-09-02','Calle 123',147800.00),(228,25,'2019-09-02','Casa 2',0.00),(229,25,'2019-09-02','Casa 2',0.00),(230,25,'2019-09-02','',0.00),(231,25,'2019-09-02','casita',0.00),(232,1,'2019-09-02','Calle falsa 5466',310100.00),(233,1,'2019-09-02','AV 26',56000.00),(234,1,'2019-09-02','Av Boyaca',91800.00),(235,1,'2019-09-02','61 Wellfield Road',70500.00),(236,1,'2019-09-02','61 Wellfield Road',70500.00),(237,7,'2019-09-02','Calle 99 ',200274000.00),(238,1,'2019-09-02','61 Wellfield Road',70500.00),(239,2,'2019-09-03','Dirección de entrada....',34500.00),(240,1,'2019-09-02','61 Wellfield Road',70500.00),(241,1,'2019-09-02','61 Wellfield Road',70500.00),(242,25,'2019-09-02','61 Wellfield Road',70500.00),(244,25,'2019-10-08','Super Barrio',17700.00),(245,25,'2019-10-08','',12000.00),(246,25,'2019-10-07','Calle 23 # 4-12',12000.00),(247,1,'2019-10-10','Carrera 24 4-65',8700.00),(248,1,'2019-10-10','Carrera 24 4-65',8700.00),(249,1,'2019-10-10','Carrera 24 4-65',8700.00),(250,1,'2019-10-10','Carrera 24 4-65',8700.00),(251,1,'2019-10-10','Carrera 24 4-65',8700.00),(252,1,'2019-10-10','Carrera 24 4-65',8700.00),(253,1,'2019-10-10','Carrera 24 4-65',8700.00),(254,1,'2019-10-10','Carrera 24 4-65',8700.00),(255,1,'2019-10-10','Carrera 24 4-65',8700.00),(256,1,'2019-10-10','Carrera 24 4-65',8700.00),(257,1,'2019-10-10','Carrera 24 4-65',8700.00),(258,1,'2019-10-10','Carrera 24 4-65',8700.00),(259,1,'2019-10-10','Carrera 24 4-65',8700.00),(260,1,'2019-10-10','Carrera 24 4-65',8700.00),(261,1,'2019-10-10','Carrera 24 4-65',8700.00),(262,1,'2019-10-10','Carrera 24 4-65',8700.00),(263,1,'2019-10-10','Carrera 24 4-65',8700.00),(264,1,'2019-10-10','Carrera 24 4-65',8700.00),(265,1,'2019-10-10','Carrera 24 4-65',8700.00),(266,1,'2019-10-10','Carrera 24 4-65',8700.00),(267,1,'2019-10-10','Carrera 24 4-65',8700.00),(268,1,'2019-10-10','Carrera 24 4-65',8700.00),(269,1,'2019-10-10','Carrera 24 4-65',8700.00),(270,1,'2019-10-10','Carrera 24 4-65',8700.00),(271,1,'2019-10-10','Carrera 24 4-65',8700.00),(272,1,'2019-10-11','Carrera 24 4-65',8700.00),(273,1,'2019-10-11','Carrera 24 4-65',8700.00),(274,1,'2019-10-11','Carrera 24 4-65',8700.00),(275,1,'2019-10-11','Carrera 24 4-65',8700.00),(276,1,'2019-10-11','Carrera 24 4-65',8700.00),(277,1,'2019-10-11','Carrera 24 4-65',8700.00),(278,1,'2019-10-11','Carrera 24 4-65',8700.00),(279,1,'2019-10-11','Carrera 24 4-65',8700.00),(280,1,'2019-10-11','Carrera 24 4-65',8700.00),(281,1,'2019-10-11','Carrera 24 4-65',8700.00),(282,1,'2019-10-11','Carrera 24 4-65',8700.00),(283,1,'2019-10-11','Carrera 24 4-65',8700.00),(284,1,'2019-10-11','Carrera 24 4-65',8700.00),(285,1,'2019-10-11','Carrera 24 4-65',8700.00),(286,1,'2019-10-11','Carrera 24 4-65',8700.00),(287,1,'2019-10-11','Carrera 24 4-65',8700.00),(288,1,'2019-10-11','Carrera 24 4-65',8700.00),(289,1,'2019-10-11','Carrera 24 4-65',8700.00),(290,1,'2019-10-11','Carrera 24 4-65',8700.00),(291,1,'2019-10-11','Carrera 24 4-65',8700.00),(292,1,'2019-10-11','Carrera 24 4-65',8700.00),(293,1,'2019-10-11','Carrera 24 4-65',8700.00),(294,1,'2019-10-11','Carrera 24 4-65',8700.00),(295,1,'2019-10-11','Carrera 24 4-65',8700.00),(296,1,'2019-10-11','Carrera 24 4-65',8700.00),(297,1,'2019-10-11','Carrera 24 4-65',8700.00),(298,1,'2019-10-11','Carrera 24 4-65',8700.00),(299,1,'2019-10-11','Carrera 24 4-65',8700.00),(300,1,'2019-10-11','Carrera 24 4-65',8700.00),(301,1,'2019-10-11','Carrera 24 4-65',8700.00),(302,1,'2019-10-11','Carrera 24 4-65',8700.00),(303,1,'2019-10-11','Carrera 24 4-65',8700.00),(304,1,'2019-10-11','Carrera 24 4-65',8700.00),(305,1,'2019-10-11','Carrera 24 4-65',8700.00),(306,1,'2019-10-11','Carrera 24 4-65',8700.00),(307,1,'2019-10-11','Carrera 24 4-65',8700.00),(308,1,'2019-10-11','Carrera 24 4-65',8700.00),(309,1,'2019-10-11','Carrera 24 4-65',8700.00),(310,1,'2019-10-11','Carrera 24 4-65',8700.00),(311,1,'2019-10-11','Carrera 24 4-65',8700.00),(312,1,'2019-10-11','Carrera 24 4-65',8700.00),(313,1,'2019-10-11','Carrera 24 4-65',8700.00),(314,1,'2019-10-11','Carrera 24 4-65',8700.00),(315,1,'2019-10-11','Carrera 24 4-65',8700.00),(316,1,'2019-10-11','Carrera 24 4-65',8700.00),(317,1,'2019-10-11','Carrera 24 4-65',8700.00),(318,1,'2019-10-11','Carrera 24 4-65',8700.00),(319,1,'2019-10-11','Carrera 24 4-65',8700.00),(320,25,'2019-10-11','Super Barrio',19800.00),(321,1,'2019-10-11','Carrera 24 4-65',8700.00),(322,1,'2019-10-11','Carrera 24 4-65',8700.00),(323,1,'2019-10-11','Carrera 24 4-65',8700.00),(324,1,'2019-10-11','Carrera 24 4-65',8700.00),(325,1,'2019-10-11','Carrera 24 4-65',8700.00),(326,1,'2019-10-11','Carrera 24 4-65',8700.00),(327,1,'2019-10-12','Carrera 24 4-65',8700.00),(328,1,'2019-10-12','Carrera 24 4-65',8700.00),(329,1,'2019-10-12','Carrera 24 4-65',13200.00),(330,1,'2019-10-12','Carrera 24 4-65',40200.00),(331,1,'2019-10-12','Carrera 24 4-65',130200.00),(332,1,'2019-10-12','Carrera 24 4-65',193200.00),(333,1,'2019-10-12','Carrera 24 4-65',11100.00),(334,1,'2019-10-12','Carrera 24 4-65',229200.00),(335,1,'2019-10-12','Carrera 24 4-65',118200.00),(336,1,'2019-10-12','Carrera 24 4-65',660000.00),(337,1,'2019-10-12','Carrera 24 4-65',660000.00),(338,1,'2019-10-12','Carrera 24 4-65',660000.00),(339,6,'2019-10-12','Carrera 24 4-65',34000.00),(340,8,'2019-10-12','Carrera 24 4-65',130200.00),(341,1,'2019-10-12','Carrera 24 4-65',660000.00),(342,1,'2019-10-12','Carrera 24 4-65',660000.00),(343,4,'2019-10-12','Carrera 24 4-65',124300.00),(344,1,'2019-10-12','Carrera 24 4-65',268000.00),(345,1,'2019-10-12','Carrera 24 4-65',660000.00),(346,1,'2019-10-12','Casa',156000.00),(347,3,'2019-10-12','Carrera 24 4-65',62200.00),(348,3,'2019-10-12','Carrera 24 4-65',15800.00),(349,1,'2019-10-12','Carrera 24 4-65',8480000.00),(350,1,'2019-10-12','Carrera 24 4-65',8480000.00),(351,1,'2019-10-12','Carrera 24 4-65',8480000.00),(352,1,'2019-10-12','Carrera 24 4-65',660000.00),(353,7,'2019-10-12','Carrera 24 4-65',2505800.00),(354,1,'2019-10-12','Carrera 24 4-65',1620000.00),(355,1,'2019-10-12','Carrera 24 4-65',5505000.00),(356,3,'2019-10-12','Carrera 24 4-65',1980000.00),(357,9,'2019-10-12','Carrera 24 4-65',1854000.00),(358,1,'2019-10-12','Casa',22460000.00),(359,1,'2019-10-12','Carrera 24 4-65',17625000.00),(360,1,'2019-10-12','Carrera 24 4-65',21150000.00),(361,1,'2019-10-12','Portal norte',37100000.00),(362,1,'2019-10-12','Portal norte3',37100000.00),(363,1,'2019-10-12','Portal norte 4',81150000.00),(364,1,'2019-10-12','Portal norte3',37100000.00),(365,1,'2019-10-12','Portal norte3',37100000.00),(366,1,'2019-10-12','Portal norte3',37100000.00),(367,6,'2019-10-18','Carrera 24 4-65',45000.00),(368,1,'2019-11-03','Portal norte_2019/11/03',37100000.00),(369,2,'2019-11-04','Magdalena8',186000.00),(370,1,'2019-11-04','Carrera 24 4-65',100000.00),(371,1,'2019-11-04','Carrera 24 4-65',100000.00),(372,2,'2019-11-04','Carrera 24 4-65-3',370500.00),(373,1,'2019-11-05','Portal codeigniter',37100000.00),(374,1,'2019-11-05','Portal codeigniter',37100000.00),(375,1,'2019-11-05','Portal codeigniter',37100000.00),(376,1,'2019-11-05','Portal codeigniter',37100000.00),(377,1,'2019-11-05','Portal codeigniter',37100000.00),(378,1,'2019-11-05','Portal codeigniter',37100000.00),(379,1,'2019-11-05','Portal codeigniter',37100000.00),(380,1,'2019-11-05','Portal codeigniter',37100000.00),(381,2,'2019-11-05','MAGDALENA 9 CODEIGNITER 3',75000.00),(382,4,'2019-11-05','MAGDALENA 9 CODEIGNITER 4',1334800.00),(383,5,'2019-11-05','Carrera 24 4-65 codeigniter 8',15080000.00),(384,6,'2019-11-05','Carrera 24 4-65 codeigniter 10',88000.00),(385,6,'2019-11-05','Carrera 24 4-65 MAGDA1LENA 1',166000.00),(386,7,'2019-11-05','Carrera 24 4-65 codeigniter 12',511600.00),(387,7,'2019-11-05','Carrera 24 4-65 codeigniter 12',511600.00),(388,8,'2019-11-05','Carrera 24 4-65 MAGDALENA 13',46200.00),(389,8,'2019-11-05','CODEIGNITER 14',252000.00),(390,9,'2019-11-05','CODEIGNITER 15',294000.00),(391,1,'2019-11-05','Carrera 24 4-65 MAGDALEN 17',660000.00),(392,12,'2019-11-05','Carrera 24 4-65 MAGDALENA 21',140300.00),(393,12,'2019-11-05','MAGDALENA 8',324800.00),(394,16,'2019-11-05','CASA CLUB 20',661000.00),(395,13,'2019-11-05','SANTANDER',1124200.00),(396,6,'2019-11-05','Carrera 24 4-65',11600.00),(397,6,'2019-11-06','Calle 68 # 77a-65',50000.00),(398,1,'2019-11-09','Calle 68 # 77a-65',457900.00),(399,1,'2019-11-09','Calle 68 # 77a-65',457900.00),(400,2,'2019-11-09','Calle 68 # 77a-65',79500.00),(401,1,'2019-11-29','Calle 68 # 77a-65',262000.00),(402,6,'2019-11-12','Calle 1 2 3 Prueba YeiSon Parada Mora',17000.00),(403,1,'2019-11-12','Calle 1 2 3 Prueba YeiSon Parada Mora',238800.00),(404,6,'2019-11-12','Calle 14 13 15',26800.00),(436,2,'2020-04-19','aaaabbbb',9000.00),(437,2,'2020-04-19','avenida siembre viva',4500.00),(438,2,'2020-04-19','carrera 88a # 21 75',11400.00),(439,1,'2020-04-19','Carrera 88a # 21 75 casa 80',101900.00),(440,3,'2020-04-20','Calle 17 # 13 este 47 mosquera',5100.00),(441,25,'2020-04-20','Super Barrio',17700.00),(442,2,'2020-04-20','asdfsad',30000.00),(443,2,'2020-04-20','asdfsad',30000.00),(444,2,'2020-04-20','asdfsad',30000.00),(445,2,'2020-04-20','asdfsad',30000.00),(446,2,'2020-04-20','asdfsad',30000.00),(447,2,'2020-04-20','asdfsad',30000.00),(448,2,'2020-04-20','asdfsad',30000.00),(449,2,'2020-04-20','Callesota',30000.00),(450,2,'2020-04-20','Callesota',30000.00),(451,25,'2020-04-20','La casa de maria',21900.00),(452,6,'2020-04-20','Cll 170 no 10 15',19000.00),(453,2,'2020-04-20','test addresss',1068200.00),(454,2,'2020-04-20','test address 2',-15000.00),(455,2,'2020-04-20','test address 2',9000.00),(456,2,'2020-04-21','test address 4',93400.00),(457,2,'2020-04-21','test address 4',21900.00),(458,2,'2020-04-20','test adress 5',0.00),(459,11,'2020-04-20','test',0.00),(460,23,'2020-04-22','delivery address',690300.00),(461,23,'2020-04-22','delivery address',690300.00),(462,23,'2020-04-22','delivery address',806300.00),(463,2,'2020-04-23','test address  1',109500.00),(464,2,'2020-04-23','fasdf',86500.00),(465,2,'2020-04-24','test order',178600.00),(466,2,'2020-04-24','kjghkj',-79600.00),(467,2,'2020-04-24','kjghkj',1918400.00),(468,2,'2020-04-25','asdfasd',796000.00),(469,2,'2020-04-24','test address',114100.00),(470,1,'2020-05-01','testing',100.00),(473,1,'2020-05-02','Mi dirección de prueba',375400.00),(474,1,'2020-05-02','Mi dirección de prueba',173500.00),(475,1,'2020-05-02','Mi dirección de prueba',106000.00),(476,1,'2020-05-02','Mi dirección de prueba',162000.00),(477,1,'2020-05-03','Dir 1',5000.00),(478,24,'2020-05-03','Dir 2',289200.00),(479,24,'2020-05-03','Dir 2',289200.00),(480,24,'0000-00-00','Dir 3',289200.00),(481,24,'0000-00-00','Dir 3',289200.00),(482,18,'0000-00-00','Calle 32 # 43 - 45',0.00),(483,24,'0000-00-00','calle 1',56900.00),(484,24,'0000-00-00','calle 1',56900.00),(485,1,'0000-00-00','calle 123',141800.00),(486,18,'0000-00-00','calle 456',300300.00),(487,1,'2020-05-03','calle 890',20500.00),(488,16,'2020-05-03','calle 246',89900.00),(489,4,'2020-05-03','calle 135',60500.00),(490,21,'2020-05-03','street test',42000.00),(491,24,'2020-05-03','Calle prueba',146600.00),(492,17,'2020-05-04','Dirección de entrega 1',0.00),(493,17,'2020-05-04','Dirección de entrega 2',82700.00),(494,17,'2020-05-04','Dirección de entrega 2',22600.00),(495,17,'2020-05-04','Dirección de entrega 3',80600.00),(496,22,'2020-05-04','Dirección de entrega #1',55600.00),(497,20,'2020-05-04','Dirección de entrega #1',146100.00),(498,19,'2020-05-04','Dirección de entrega #1',163700.00),(499,19,'2020-05-04','Dirección de entrega #2',179700.00),(501,1,'2020-05-04','calle 12',56000.00),(522,25,'2020-05-05','Av 80 #30-45',10800.00),(523,25,'2020-05-05','Av 80 #30-45',10800.00),(524,1,'2020-05-05','address',112000.00),(525,25,'2020-05-06','Av 80 #30-45',10800.00),(526,25,'2020-05-06','Av 80 #30-45',10800.00),(527,25,'2020-05-06','Av 80 #30-45',10800.00),(530,1,'2020-05-06','0',100000.00),(531,1,'2020-05-06','0',100000.00),(532,1,'2020-05-06','0',156000.00),(533,1,'2020-05-06','0',156000.00),(534,1,'2020-05-06','0',156000.00),(535,1,'2020-05-06','0',162000.00),(536,1,'2020-05-06','0',212000.00),(537,8,'2020-05-06','address',146100.00),(539,25,'2020-05-06','Av 80 #30-45',15300.00),(540,25,'2020-05-06','Av 80 #30-45',15300.00),(543,25,'2020-05-06','Av 80 #30-45',15300.00),(544,25,'2020-05-06','Av 80 #30-45',15300.00),(547,25,'2020-05-06','Av 80 #30-45',11100.00),(554,1,'2020-05-09','calle 12 a #71c -21',191800.00),(555,1,'2020-05-09','calle 12 a #71c -21',191800.00),(556,1,'2020-05-11','calle 12 a #71c -21',0.00),(557,1,'2020-05-11','calle 12 a #71c -21',191800.00),(558,1,'2020-05-11','calle 12 a #71c -21',191800.00),(559,1,'2020-05-11','calle 12 a #71c -21',291800.00),(560,1,'2021-01-05','Calle 65 sur 98 - 18',182500.00),(561,1,'2021-01-05','calle 23 # 89 - 52',274300.00),(562,1,'2021-01-05','calle 23 # 89 - 52',274300.00),(563,7,'2021-01-05','Carrera 32 # 23 -12',111600.00),(564,1,'2021-01-05','calle 91 sur 27-12',183600.00),(565,1,'2021-01-04','calle 23 # 89 - 52',274300.00),(566,1,'2021-01-04','calle 23 # 89 - 52',274300.00),(571,1,'2021-01-04','calle 23 # 89 - 52',274300.00),(572,1,'2021-01-04','calle 23 # 89 - 52',274300.00),(573,1,'2021-01-04','calle 23 # 89 - 52',274300.00),(574,1,'2021-01-04','calle 23 # 89 - 52',274300.00),(580,1,'2021-01-12','descripcion del producto j',50000.00),(581,1,'2021-01-12','descripcion del producto j',50000.00),(582,1,'2021-01-12','descripcion del producto j',50000.00),(583,1,'2021-01-04','calle 23 # 89 - 52',274300.00),(584,1,'2021-01-04','calle 23 # 89 - 52',274300.00),(585,1,'2021-01-12','descripcion del producto j',50000.00),(586,1,'2021-01-04','calle 23 # 89 - 52',274300.00),(587,1,'2021-01-12','descripcion del producto j',50000.00),(589,1,'2021-01-13','descripcion del producto j',50000.00),(590,1,'2021-01-13','descripcion del producto j',50000.00),(591,1,'2021-01-13','descripcion del producto j',50000.00),(592,1,'2021-01-13','descripcion del producto j',50000.00),(593,1,'2021-01-13','descripcion del producto j',50000.00),(594,1,'2021-01-13','descripcion del producto j',50000.00),(595,1,'2021-01-13','descripcion del producto j',50000.00),(619,1,'2021-01-13','descripcion del producto j',50000.00),(640,1,'2021-01-13','Calle falsa 123',197800.00),(641,1,'2021-01-13','Calle falsa 123',197800.00),(646,1,'2021-01-13','Calle falsa 123',197800.00),(658,1,'2021-01-13','Calle falsa 1231',197800.00),(663,1,'2021-01-13','Calle falsa 1231',197800.00),(664,1,'2021-01-13','Calle falsa 1231',197800.00),(665,1,'2021-01-13','Calle falsa 1231',197800.00),(672,1,'2021-01-13','Calle falsa 1231',197800.00),(673,1,'2021-01-13','s',12000.00),(674,2,'2021-01-14','asd',12000.00),(675,1,'2021-01-14','',12000.00),(680,1,'2021-01-14','Calle falsa 1231',197800.00),(681,1,'2021-01-14','Calle falsa 1231',197800.00),(682,1,'2021-01-14','Calle falsa 1231',197800.00),(683,1,'2021-01-14','Calle falsa 1231',197800.00),(684,1,'2021-01-14','Calle falsa 12312',197800.00),(685,1,'2021-01-14','Calle falsa 12312',197800.00),(686,1,'2021-01-14','Calle falsa 12312',197800.00),(687,1,'2021-01-14','Calle falsa 12312',197800.00),(688,1,'2021-01-14','Calle falsa 12312',197800.00),(689,1,'2021-01-14','Calle falsa 12312',197800.00),(690,1,'2021-01-14','Calle falsa 12312',197800.00),(691,1,'2021-01-14','Calle falsa 12312',197800.00),(692,1,'2021-01-14','Calle falsa 12312',197800.00),(693,1,'2021-01-14','Calle falsa 12312',197800.00),(694,1,'2021-01-14','Calle falsa 12312',197800.00),(695,1,'2021-01-14','Calle falsa 12312',197800.00),(696,1,'2021-01-14','Calle falsa 12312',197800.00),(697,1,'2021-01-14','Calle falsa 12312',197800.00),(698,1,'2021-01-14','Calle falsa 12312',197800.00),(699,1,'2021-01-14','Calle falsa 12312',197800.00),(700,2,'2021-01-14','caddd',12000.00),(701,3,'2021-01-14','Aca',12000.00),(702,3,'2021-01-14','Aca',12000.00),(703,3,'2021-01-14','Aca',12000.00),(704,3,'2021-01-14','Aca',12000.00),(705,1,'2021-01-14','Calle falsa 12312',197800.00),(706,1,'2021-01-14','Calle falsa 12312',197800.00),(707,1,'2021-01-14','Calle falsa 12312',197800.00),(708,1,'2021-01-14','Calle falsa 12312',197800.00),(709,1,'2021-01-14','Calle falsa 12312',197800.00),(710,1,'2021-01-14','Calle falsa 12312',197800.00),(711,2,'2021-01-14','asdas',12000.00),(712,7,'2021-01-14','Calle 123',12000.00),(713,1,'2021-01-14','Calle falsa 12312',197800.00),(714,25,'2021-01-20','test address',100000.00),(715,1,'2020-01-22','Mi casa',3000.00),(716,1,'2020-01-22','Mi casa',3000.00),(717,1,'2020-01-22','Mi casa',3000.00),(718,1,'2021-01-23','Mi casa',250000.00),(719,1,'2021-01-23','Mi casa',250000.00),(720,1,'2021-01-23','Mi casa',250000.00),(721,1,'2021-01-23','Mi casa',100000.00),(722,1,'2021-01-23','Street 123',250000.00),(723,1,'2021-01-23','Street 123',250000.00),(724,1,'2021-01-23','Street 123',250000.00),(725,1,'2021-01-23','Street 123',250000.00),(726,1,'2021-01-23','Street 123',250000.00),(727,1,'2021-01-23','Street 123',250000.00),(728,1,'2021-01-25','Delivery',106000.00),(729,1,'2021-01-25','Street 12345 __',232500.00),(730,1,'2021-01-25','Delivery address.',297800.00),(731,1,'2021-01-25','Some address',100000.00),(732,1,'2021-01-25','Street 99-100',310100.00),(734,18,'2021-01-31','',15.60),(735,19,'2021-01-31','testAM',15.60),(736,19,'2021-01-31','testAM',15.60),(737,1,'2021-02-01','Av siempreviva',220500.00),(738,1,'2021-02-01','av 123123',280000.00),(739,1,'2021-02-01','bogota',245100.00),(740,1,'2021-02-08','calle26 a sur  38b 64',76500.00),(741,5,'2021-02-08','calle 58 ',125700.00),(742,1,'2021-02-11','Direccion',132500.00),(818,4,'2021-01-13','guayacanes del rio 23',56000.00),(819,4,'2021-02-16','Carrera 5 # 67N45',115900.00),(820,1,'2021-02-16','',400000.00),(821,1,'2021-02-16','',850216.00),(822,1,'2021-02-16','',147258.00),(823,4,'2021-02-16','Carrera 5 # 67N45',65000.00),(824,4,'2021-02-16','Carrera 5 # 67N45',65000.00),(825,4,'2021-02-16','',65000.00),(826,4,'2021-02-16','Calle 10 # 10N44',115900.00),(827,4,'2021-02-16','Calle 10 # 10N44',291700.00),(828,1,'2021-02-16','',0.00),(829,1,'2021-02-16','',0.00),(830,4,'2021-02-16','Calle 10 # 10N44',171900.00),(831,1,'2021-02-16','',20.00),(832,1,'2021-02-16','',20.00),(833,1,'2021-02-16','',0.00),(834,4,'2021-02-16','Calle 10 # 10N44',68900.00),(835,4,'2021-02-16','Calle 10 # 10N44',236300.00),(836,4,'2021-02-16','Calle 10 # 10N44',236300.00),(837,4,'2021-02-16','Calle 10 # 10N44',291700.00),(838,4,'2021-02-16','Calle 10 # 10N44',236900.00),(839,4,'2021-02-16','Calle 10 # 10N44',236900.00),(840,4,'2021-02-16','Calle 10 # 10N44',236900.00),(841,25,'2021-02-16','Calle 10 # 10N44',13200.00),(842,1,'2021-02-16','',0.00),(843,1,'2021-02-16','',0.00),(844,1,'2021-02-16','56',56.00),(845,1,'2021-02-16','',0.00),(846,1,'2021-02-16','',0.00),(847,1,'2021-02-16','',0.00),(848,1,'2021-02-16','',20.00),(849,1,'2021-02-16','',0.00),(850,1,'2021-02-16','',0.00),(851,1,'2021-02-16','',0.00),(852,1,'2021-02-16','',0.00),(853,1,'2021-02-16','',0.00),(854,25,'2021-02-17','Calle 10 # 10N44',13200.00),(855,1,'2021-02-19','10',10.00),(856,1,'2021-02-19','Carrera 69f #64h-19',123456789.00),(857,1,'2021-02-19','1',1.00),(858,1,'2021-02-19','12',12.00),(859,1,'2021-02-19','1',1.00),(860,1,'2021-02-19','3',3.00),(861,2,'2021-02-19','cll',10.00),(862,1,'2021-02-19','101',10.00),(863,1,'2021-02-19','3',3.00),(864,1,'2021-02-19','3',3.00),(865,1,'2021-02-19','3',3.00),(866,1,'2021-02-19','3232',23.00),(867,1,'2021-02-20','calle1500',24000.00),(868,1,'2021-02-20','calle1500',28200.00),(869,1,'2021-02-20','calle1500',58200.00),(870,1,'2021-02-20','calle1500',58200.00),(871,1,'2021-02-20','calle200',24000.00),(872,1,'2021-02-20','calle400',61200.00),(873,1,'2021-02-20','calle500',12000.00),(874,1,'2021-02-20','calle500',36000.00),(875,1,'2021-02-20','calle500',24000.00),(876,1,'2021-02-20','calee5280',24000.00),(877,1,'2021-02-20','call40',24000.00),(878,1,'2021-02-20','calle 400',29100.00),(879,1,'2021-02-20','calle falsa',58200.00),(880,1,'2021-02-20','cal crr',58200.00),(881,1,'2021-02-20','calle1200',58200.00),(882,1,'2021-02-20','calle 193 ave 200',41100.00),(883,1,'2021-02-21','bogota',58200.00),(884,1,'2021-02-23','cale 123',14100.00),(885,25,'2021-02-25','Calle 10 # 10N44',17400.00),(886,25,'2021-02-25','Calle 10 # 10N44',17400.00),(887,25,'2021-02-25','Calle 10 # 10N44',17400.00),(888,3,'2021-02-28','w',1.00),(889,3,'2021-02-28','a',2.00),(890,3,'2021-02-28','5',4.00),(891,3,'2021-02-28','e',1.00),(892,3,'2021-02-28','y',5.00),(893,2,'2021-02-28','f',4.00),(894,2,'2021-02-28','t',4.00),(895,1,'2021-03-01','none',0.00),(896,1,'2020-12-28','Avenida Siempre viva 123',0.50),(897,1,'2020-12-28','Avenida Siempre viva 654',0.50),(898,1,'2020-12-28','Avenida Siempre viva 654',0.50),(899,1,'2020-12-28','Avenida Siempre viva 666',182500.00),(900,1,'2020-12-28','Avenida Siempre viva 777',182500.00),(901,1,'2020-12-28','Avenida Siempre viva 888',182500.00),(902,1,'2020-12-28','Avenida Siempre viva 123',226500.00),(903,1,'2020-12-28','Avenida Siempre viva 123',226500.00),(904,1,'2019-12-30','Avenida Siempre viva 123',226500.00),(905,1,'2020-12-28','Avenida Siempre viva 123',226500.00),(906,1,'2020-12-28','Avenida Siempre viva 123',226500.00),(907,1,'2020-12-28','Avenida Siempre viva 123',226500.00),(908,1,'2020-12-28','Avenida Siempre viva 123',226500.00),(909,5,'2021-03-03','CARRERA 29 No. 12-35',24000.00),(910,5,'2021-03-03','CARRERA 29 No. 12-35',24000.00),(911,5,'2021-03-03','',24000.00),(912,5,'2021-03-03','CARRERA 29 No. 12-35',24000.00),(913,5,'2021-03-03','CARRERA 29 No. 12-35',24000.00),(914,5,'2021-03-03','CARRERA 29 No. 12-35',24000.00),(915,5,'2021-03-03','CARRERA 29 No. 12-35',24000.00),(916,5,'2021-03-03','CARRERA 29 No. 12-35',360000.00),(917,5,'2021-03-03','CARRERA 29 No. 12-35',24000.00),(918,5,'2021-03-03','CARRERA 29 No. 12-35',0.00),(919,5,'2021-03-03','CARRERA 29 No. 12-35',24000.00),(920,5,'2021-03-03','CARRERA 29 No. 12-35',24000.00),(921,5,'2021-03-03','CIMITARRA, SANTANDER',286000.00),(922,5,'2021-03-03','',348000.00),(923,1,'2020-12-27','Avenida Siempre viva 123',226500.00),(924,1,'2021-03-05','Calle 20 N 21 - 21',50000.00),(925,1,'2021-03-05','none',50000.00),(926,1,'2021-03-06','Calle 10 N 10 - 10',50000.00);
/*!40000 ALTER TABLE `order` ENABLE KEYS */;
UNLOCK TABLES;

--
-- Table structure for table `order_detail`
--

DROP TABLE IF EXISTS `order_detail`;
/*!40101 SET @saved_cs_client     = @@character_set_client */;
/*!40101 SET character_set_client = utf8 */;
CREATE TABLE `order_detail` (
  `order_detail_id` int(10) unsigned NOT NULL AUTO_INCREMENT,
  `order_id` int(10) unsigned NOT NULL,
  `product_id` int(10) unsigned NOT NULL,
  `product_description` varchar(191) COLLATE utf8mb4_unicode_ci NOT NULL,
  `price` double(10,2) NOT NULL,
  `quantity` int(10) unsigned NOT NULL DEFAULT '1',
  PRIMARY KEY (`order_detail_id`),
  KEY `order_details_order_id_foreign` (`order_id`),
  KEY `order_detail_product_id_index` (`product_id`),
  CONSTRAINT `fk_order_detail_product` FOREIGN KEY (`product_id`) REFERENCES `product` (`product_id`) ON DELETE NO ACTION ON UPDATE NO ACTION,
  CONSTRAINT `order_details_order_id_foreign` FOREIGN KEY (`order_id`) REFERENCES `order` (`order_id`)
) ENGINE=InnoDB AUTO_INCREMENT=942 DEFAULT CHARSET=utf8mb4 COLLATE=utf8mb4_unicode_ci;
/*!40101 SET character_set_client = @saved_cs_client */;

--
-- Dumping data for table `order_detail`
--

LOCK TABLES `order_detail` WRITE;
/*!40000 ALTER TABLE `order_detail` DISABLE KEYS */;
INSERT INTO `order_detail` VALUES (180,100,10,'Producto 10',250.00,1),(181,100,11,'Producto 11',250.00,1),(182,110,3,'producto c',150000.00,2),(183,110,17,'producto p',35000.00,3),(184,112,3,'producto c',150000.00,2),(185,112,17,'producto p',35000.00,3),(186,115,2,'descripcion del producto b',2100.00,3),(187,116,2,'descripcion del producto b',2100.00,3),(188,116,4,'descripcion del producto d',2000.00,2),(189,123,7,'descripcion del producto g',5800.00,2),(190,124,10,'descripcion del producto j',50000.00,4),(191,132,10,'descripcion del producto j',50000.00,3),(192,133,3,'producto c',150000.00,2),(193,133,17,'producto p',35000.00,3),(194,134,16,'descripcion del producto o',20500.00,3),(195,134,10,'descripcion del producto j',50000.00,1),(196,134,18,'descripcion del producto q',91800.00,1),(197,135,7,'descripcion del producto g',5800.00,4),(200,144,12,'Test',1000.00,1),(201,146,12,'Test',1000.00,1),(202,147,12,'Test',1000.00,1),(203,148,12,'Test',1000.00,1),(204,148,13,'Test 2',1000.00,2),(205,149,12,'Test',1000.00,1),(206,149,13,'Test 2',1000.00,2),(207,150,10,'Test',1000.00,1),(208,150,15,'Test 2',1000.00,2),(209,151,10,'cualquier cosa',2.30,10),(210,152,10,'cualquier cosa',2.30,10),(211,153,10,'this product',1000.00,10),(212,154,10,'algo',100.00,2),(213,154,15,'algo',100.00,3),(214,155,10,'cualquier cosa',10000.00,4),(215,156,10,'cualquier cosa',10000.00,4),(216,157,13,'cualquier cosa',10000.00,5),(217,158,13,'cualquier cosa',10000.00,1),(218,159,13,'cualquier cosa',10000.00,4),(219,160,13,'cualquier cosa',10000.00,4),(220,161,13,'cualquier cosa',10000.00,4),(221,162,13,'cualquier cosa',10000.00,4),(222,163,9,'cualquier cosa',10000.00,4),(224,180,18,'descripcion del producto q',91800.00,1),(225,181,18,'descripcion del producto q',91800.00,1),(226,185,4,'descripcion del producto j',50000.00,1),(227,185,6,'descripcion del producto z',56000.00,1),(228,187,4,'descripcion del producto j',50000.00,3),(229,187,6,'descripcion del producto z',56000.00,1),(230,190,4,'descripcion del producto j',50000.00,3),(231,190,6,'descripcion del producto z',56000.00,1),(232,192,4,'descripcion del producto j',50000.00,3),(233,192,6,'descripcion del producto z',56000.00,1),(234,193,1,'descripcion del producto j',50000.00,3),(235,193,6,'descripcion del producto z',56000.00,1),(236,196,10,'descripcion del producto j',50000.00,1),(239,199,13,'descripcion del producto m',4500.00,1),(240,200,13,'descripcion del producto m',4500.00,1),(241,201,3,'descripcion del producto c',15000.00,1),(242,202,16,'descripcion del producto o',20500.00,1),(243,203,10,'descripcion del producto j',50000.00,1),(244,204,3,'descripcion del producto c',15000.00,1),(247,210,2,'producto 2',10000.00,3),(248,210,13,'producto 13',8000.00,2),(249,211,2,'producto 2',10000.00,3),(250,211,13,'producto 13',8000.00,2),(251,212,2,'descripcion del producto 2',91800.00,3),(252,212,13,'descripcion del producto 2',91800.00,3),(253,213,2,'producto 2',2100.00,1),(254,213,13,'producto 13',4500.00,1),(255,215,10,'descripcion del producto j',50000.00,2),(256,215,15,'descripcion del producto z',56000.00,2),(257,216,10,'descripcion del producto j',50000.00,2),(258,216,15,'descripcion del producto z',56000.00,3),(259,218,3,'descripcion del producto c',15000.00,1),(260,218,13,'descripcion del producto m',4500.00,1),(261,222,2,'descripción de producto b',2100.00,2),(262,223,2,'descripción de producto b',2100.00,2),(263,223,10,'descripcion del producto j',50000.00,2),(264,223,16,'descripcion del producto o',20500.00,2),(265,227,15,'descripcion del producto z',56000.00,1),(266,227,18,'descripcion del producto q',91800.00,1),(267,232,10,'descripcion del producto j',50000.00,1),(268,232,15,'descripcion del producto z',56000.00,1),(269,232,16,'descripcion del producto o',20500.00,1),(270,232,18,'descripcion del producto q',91800.00,1),(271,232,18,'descripcion del producto q',91800.00,1),(272,233,15,'descripcion del producto z',56000.00,1),(273,234,18,'descripcion del producto q',91800.00,1),(274,223,10,'descripcion del producto j',50000.00,2),(275,223,16,'descripcion del producto o',20500.00,2),(276,236,10,'descripcion del producto j',50000.00,2),(277,236,16,'descripcion del producto o',20500.00,2),(278,237,10,'descripcion del producto j',50000.00,1),(279,238,10,'descripcion del producto j',50000.00,2),(280,238,16,'descripcion del producto o',20500.00,2),(281,239,3,'descripcion del producto c',15000.00,2),(282,239,13,'descripcion del producto m',4500.00,1),(283,240,10,'descripcion del producto j',50000.00,2),(284,240,16,'descripcion del producto o',20500.00,2),(285,241,10,'descripcion del producto j',50000.00,2),(286,241,16,'descripcion del producto o',20500.00,2),(287,242,2,'descripcion del producto j',50000.00,3),(288,242,13,'descripcion del producto o',20500.00,3),(289,244,2,'descripcion del producto b',2100.00,2),(290,244,13,'descripcion del producto m',4500.00,3),(291,320,2,'descripcion del producto b',2100.00,3),(292,320,13,'descripcion del producto m',4500.00,3),(293,328,2,'descripcion del producto b',2100.00,2),(294,328,13,'descripcion del producto m',4500.00,2),(295,329,2,'descripcion del producto b',2100.00,2),(296,329,13,'descripcion del producto m',4500.00,2),(297,330,2,'descripcion del producto b',2100.00,2),(298,330,13,'descripcion del producto m',4500.00,8),(299,331,2,'descripcion del producto b',2100.00,2),(300,331,13,'descripcion del producto m',4500.00,28),(301,332,2,'descripcion del producto b',2100.00,2),(302,332,13,'descripcion del producto m',4500.00,42),(303,333,13,'descripcion del producto m',4500.00,2),(304,333,2,'descripcion del producto b',2100.00,1),(305,334,2,'descripcion del producto b',2100.00,2),(306,334,13,'descripcion del producto m',4500.00,50),(307,335,2,'descripcion del producto b',2100.00,52),(308,335,13,'descripcion del producto m',4500.00,2),(309,336,10,'descripcion del producto j',50000.00,2),(310,336,15,'descripcion del producto z',56000.00,10),(311,337,10,'descripcion del producto j',50000.00,2),(312,337,15,'descripcion del producto z',56000.00,10),(313,338,10,'descripcion del producto j',50000.00,2),(314,338,15,'descripcion del producto z',56000.00,10),(315,339,3,'descripcion del producto c',15000.00,2),(316,339,4,'descripcion del producto d',2000.00,2),(317,340,2,'descripcion del producto b',2100.00,2),(318,340,11,'descripcion del producto k',42000.00,3),(319,341,10,'descripcion del producto j',50000.00,2),(320,341,15,'descripcion del producto z',56000.00,10),(321,342,10,'descripcion del producto j',50000.00,2),(322,342,15,'descripcion del producto z',56000.00,10),(323,343,5,'descripcion del producto e',59900.00,2),(324,343,13,'descripcion del producto m',4500.00,1),(325,344,10,'descripcion del producto j',50000.00,2),(326,344,15,'descripcion del producto z',56000.00,3),(327,345,10,'descripcion del producto j',50000.00,2),(328,345,15,'descripcion del producto z',56000.00,10),(329,346,10,'descripcion del producto j',50000.00,2),(330,346,15,'descripcion del producto z',56000.00,1),(331,347,2,'descripcion del producto b',2100.00,2),(332,347,7,'descripcion del producto g',5800.00,10),(333,348,2,'descripcion del producto b',2100.00,2),(334,348,7,'descripcion del producto g',5800.00,2),(335,349,10,'descripcion del producto j',50000.00,80),(336,349,15,'descripcion del producto z',56000.00,80),(337,350,10,'descripcion del producto j',50000.00,80),(338,350,15,'descripcion del producto z',56000.00,80),(339,351,10,'descripcion del producto j',50000.00,80),(340,351,15,'descripcion del producto z',56000.00,80),(341,352,10,'descripcion del producto j',50000.00,2),(342,352,15,'descripcion del producto z',56000.00,10),(343,353,7,'descripcion del producto g',5800.00,1),(344,353,10,'descripcion del producto j',50000.00,50),(345,354,10,'descripcion del producto j',50000.00,10),(346,354,15,'descripcion del producto z',56000.00,20),(347,355,15,'descripcion del producto z',56000.00,80),(348,355,16,'descripcion del producto o',20500.00,50),(349,356,9,'descripcion del producto i',8000.00,120),(350,356,19,'descripcion del producto r',34000.00,30),(351,357,7,'descripcion del producto g',5800.00,180),(352,357,13,'descripcion del producto m',4500.00,180),(353,358,16,'descripcion del producto o',20500.00,200),(354,358,18,'descripcion del producto q',91800.00,200),(355,359,10,'descripcion del producto j',50000.00,250),(356,359,16,'descripcion del producto o',20500.00,250),(357,360,16,'descripcion del producto o',20500.00,300),(358,360,10,'descripcion del producto j',50000.00,300),(359,361,10,'descripcion del producto j',50000.00,350),(360,361,15,'descripcion del producto z',56000.00,350),(361,362,10,'descripcion del producto j',50000.00,350),(362,362,15,'descripcion del producto z',56000.00,350),(363,363,10,'descripcion del producto j',50000.00,500),(364,363,16,'descripcion del producto o',20500.00,500),(365,363,18,'descripcion del producto q',91800.00,500),(366,364,10,'descripcion del producto j',50000.00,350),(367,364,15,'descripcion del producto z',56000.00,350),(368,365,10,'descripcion del producto j',50000.00,350),(369,365,15,'descripcion del producto z',56000.00,350),(370,366,10,'descripcion del producto j',50000.00,350),(371,366,15,'descripcion del producto z',56000.00,350),(372,367,3,'descripcion del producto c',15000.00,3),(373,368,10,'descripcion del producto j',50000.00,350),(374,368,15,'descripcion del producto z',56000.00,350),(375,369,3,'descripcion del producto c',15000.00,10),(376,369,13,'descripcion del producto m',4500.00,8),(377,370,10,'descripcion del producto j',50000.00,2),(378,371,10,'descripcion del producto j',50000.00,2),(379,372,3,'descripcion del producto c',15000.00,19),(380,372,13,'descripcion del producto m',4500.00,19),(381,380,10,'descripcion del producto j',50000.00,350),(382,380,15,'descripcion del producto z',56000.00,350),(383,381,3,'descripcion del producto c',15000.00,2),(384,381,13,'descripcion del producto m',4500.00,10),(385,382,5,'descripcion del producto e',59900.00,12),(386,382,15,'descripcion del producto z',56000.00,11),(387,383,1,'descripcion del producto a',12000.00,80),(388,383,11,'descripcion del producto k',42000.00,50),(389,383,17,'descripcion del producto p',60100.00,200),(390,384,3,'descripcion del producto c',15000.00,2),(391,384,7,'descripcion del producto g',5800.00,10),(392,385,3,'descripcion del producto c',15000.00,2),(393,385,4,'descripcion del producto d',2000.00,10),(394,385,7,'descripcion del producto g',5800.00,20),(395,386,7,'descripcion del producto g',5800.00,2),(396,386,10,'descripcion del producto j',50000.00,10),(397,387,7,'descripcion del producto g',5800.00,2),(398,387,10,'descripcion del producto j',50000.00,10),(399,388,2,'descripcion del producto b',2100.00,2),(400,388,11,'descripcion del producto k',42000.00,1),(401,389,2,'descripcion del producto b',2100.00,80),(402,389,11,'descripcion del producto k',42000.00,2),(403,390,4,'descripcion del producto d',2000.00,2),(404,390,7,'descripcion del producto g',5800.00,50),(405,391,10,'descripcion del producto j',50000.00,2),(406,391,15,'descripcion del producto z',56000.00,10),(407,392,5,'descripcion del producto e',59900.00,2),(408,392,16,'descripcion del producto o',20500.00,1),(409,393,5,'descripcion del producto e',59900.00,2),(410,393,16,'descripcion del producto o',20500.00,10),(411,394,12,'descripcion del producto l',30000.00,2),(412,394,17,'descripcion del producto p',60100.00,10),(413,395,2,'descripcion del producto b',2100.00,2),(414,395,15,'descripcion del producto z',56000.00,20),(415,396,7,'descripcion del producto g',5800.00,2),(416,399,10,'descripcion del producto j',50000.00,1),(417,399,15,'descripcion del producto z',56000.00,2),(418,399,16,'descripcion del producto o',20500.00,1),(419,399,18,'descripcion del producto q',91800.00,3),(420,400,3,'descripcion del producto c',15000.00,5),(421,400,13,'descripcion del producto m',4500.00,1),(422,401,10,'descripcion del producto j',50000.00,3),(423,401,15,'descripcion del producto z',56000.00,2),(424,402,3,'descripcion del producto c',15000.00,1),(425,402,4,'descripcion del producto d',2000.00,1),(426,403,10,'descripcion del producto j',50000.00,1),(427,403,15,'descripcion del producto z',56000.00,1),(428,403,16,'descripcion del producto o',20500.00,2),(429,403,18,'descripcion del producto q',91800.00,1),(430,404,3,'descripcion del producto c',15000.00,1),(431,404,4,'descripcion del producto d',2000.00,3),(432,404,7,'descripcion del producto g',5800.00,1),(464,436,13,'descripcion del producto m',4500.00,1),(465,436,13,'descripcion del producto m',4500.00,1),(466,437,13,'descripcion del producto m',4500.00,2),(467,438,13,'descripcion del producto m',4500.00,2),(468,438,8,'descripcion del producto h',6900.00,3),(469,439,5,'descripcion del producto e',59900.00,1),(470,439,11,'descripcion del producto k',42000.00,2),(471,440,2,'descripcion del producto b',2100.00,2),(472,440,6,'descripcion del producto f',3000.00,3),(473,441,2,'descripcion del producto b',2100.00,2),(474,441,13,'descripcion del producto m',4500.00,3),(475,448,3,'descripcion del producto c',15000.00,2),(476,449,3,'descripcion del producto c',15000.00,2),(477,450,3,'descripcion del producto c',15000.00,2),(478,451,2,'descripcion del producto b',2100.00,2),(479,451,2,'descripcion del producto b',2100.00,2),(480,451,13,'descripcion del producto m',4500.00,3),(481,452,3,'descripcion del producto c',15000.00,1),(482,452,4,'descripcion del producto d',2000.00,2),(483,453,13,'descripcion del producto m',4500.00,1),(484,453,17,'descripcion del producto p',60100.00,6),(485,453,17,'descripcion del producto p',60100.00,4),(486,453,13,'descripcion del producto m',4500.00,6),(487,453,3,'descripcion del producto c',15000.00,1),(488,453,17,'descripcion del producto p',60100.00,7),(489,455,13,'descripcion del producto m',4500.00,2),(490,457,3,'descripcion del producto c',15000.00,1),(491,457,8,'descripcion del producto h',6900.00,2),(492,458,3,'descripcion del producto c',15000.00,0),(493,458,13,'descripcion del producto m',4500.00,0),(494,458,17,'descripcion del producto p',60100.00,0),(495,459,1,'descripcion del producto a',12000.00,0),(496,459,5,'descripcion del producto e',59900.00,0),(497,459,9,'descripcion del producto i',8000.00,0),(498,459,15,'descripcion del producto z',56000.00,0),(499,459,19,'descripcion del producto r',34000.00,0),(500,460,2,'descripcion del producto b',2100.00,1),(501,460,7,'descripcion del producto g',5800.00,6),(502,460,18,'descripcion del producto q',91800.00,3),(503,461,2,'descripcion del producto b',2100.00,1),(504,461,7,'descripcion del producto g',5800.00,6),(505,461,18,'descripcion del producto q',91800.00,3),(506,462,2,'descripcion del producto b',2100.00,1),(507,462,7,'descripcion del producto g',5800.00,20),(508,462,18,'descripcion del producto q',91800.00,3),(509,463,3,'descripcion del producto c',15000.00,1),(510,463,13,'descripcion del producto m',4500.00,2),(511,463,3,'descripcion del producto c',15000.00,3),(512,463,13,'descripcion del producto m',4500.00,1),(513,463,13,'descripcion del producto m',4500.00,2),(514,463,13,'descripcion del producto m',4500.00,6),(515,464,8,'descripcion del producto h',6900.00,4),(516,464,3,'descripcion del producto c',15000.00,1),(517,464,17,'descripcion del producto p',60100.00,0),(518,464,13,'descripcion del producto m',4500.00,0),(519,465,3,'descripcion del producto c',15000.00,2),(520,465,13,'descripcion del producto m',4500.00,3),(521,465,17,'descripcion del producto p',60100.00,1),(522,467,3,'descripcion del producto c',15000.00,10),(523,468,3,'descripcion del producto c',15000.00,10),(524,468,13,'descripcion del producto m',4500.00,10),(525,468,17,'descripcion del producto p',60100.00,10),(526,469,3,'descripcion del producto c',15000.00,3),(527,469,13,'descripcion del producto m',4500.00,2),(528,469,17,'descripcion del producto p',60100.00,1),(533,473,10,'descripcion del producto j',100000.00,2),(534,473,18,'descripcion del producto q',275400.00,3),(535,474,15,'descripcion del producto z',112000.00,2),(536,474,16,'descripcion del producto o',61500.00,3),(537,475,15,'descripcion del producto z',56000.00,1),(538,475,10,'descripcion del producto j',50000.00,1),(539,476,15,'descripcion del producto z',112000.00,2),(540,476,10,'descripcion del producto j',50000.00,1),(541,477,10,'product_description',5000.00,1),(542,478,8,'descripcion del producto h',6900.00,2),(543,478,18,'descripcion del producto q',91800.00,3),(544,481,8,'descripcion del producto h',6900.00,2),(545,481,18,'descripcion del producto q',91800.00,3),(546,484,10,'descripcion del producto j',50000.00,1),(547,484,8,'descripcion del producto h',6900.00,1),(548,485,10,'descripcion del producto j',50000.00,1),(549,485,18,'descripcion del producto q',91800.00,1),(550,486,14,'descripcion del producto n',47500.00,3),(551,486,20,'descripcion del producto s',78900.00,2),(552,487,16,'descripcion del producto o',20500.00,1),(553,488,5,'descripcion del producto e',59900.00,1),(554,488,12,'descripcion del producto l',30000.00,1),(555,489,13,'descripcion del producto m',4500.00,1),(556,489,15,'descripcion del producto z',56000.00,1),(557,490,1,'descripcion del producto a',12000.00,3),(558,490,6,'descripcion del producto f',3000.00,2),(559,491,8,'descripcion del producto h',6900.00,2),(560,491,16,'descripcion del producto o',20500.00,2),(561,491,18,'descripcion del producto q',91800.00,1),(562,493,2,'descripcion del producto b',2100.00,1),(563,493,16,'descripcion del producto o',20500.00,2),(564,493,17,'descripcion del producto p',60100.00,1),(565,494,2,'descripcion del producto b',2100.00,1),(566,494,16,'descripcion del producto o',20500.00,2),(567,495,16,'descripcion del producto o',20500.00,1),(568,495,17,'descripcion del producto p',60100.00,1),(569,496,2,'descripcion del producto b',2100.00,1),(570,496,6,'descripcion del producto f',3000.00,1),(571,496,12,'descripcion del producto l',30000.00,1),(572,496,16,'descripcion del producto o',20500.00,2),(573,497,12,'descripcion del producto l',30000.00,2),(574,497,15,'descripcion del producto z',56000.00,1),(575,497,17,'descripcion del producto p',60100.00,2),(576,498,5,'descripcion del producto e',59900.00,1),(577,498,7,'descripcion del producto g',5800.00,1),(578,498,9,'descripcion del producto i',8000.00,1),(579,498,15,'descripcion del producto z',56000.00,1),(580,498,19,'descripcion del producto r',34000.00,1),(581,499,5,'descripcion del producto e',59900.00,3),(582,501,15,'descripcion del producto z',56000.00,1),(588,522,2,'descripcion del producto b',2100.00,3),(589,522,13,'descripcion del producto m',4500.00,1),(590,523,2,'descripcion del producto b',2100.00,3),(591,523,13,'descripcion del producto m',4500.00,1),(592,524,15,'descripcion del producto z',56000.00,2),(593,525,2,'descripcion del producto b',2100.00,3),(594,525,13,'descripcion del producto m',4500.00,1),(595,526,2,'descripcion del producto b',2100.00,3),(596,526,13,'descripcion del producto m',4500.00,1),(597,527,2,'descripcion del producto b',2100.00,3),(598,527,13,'descripcion del producto m',4500.00,1),(602,537,2,'descripcion del producto b',2100.00,1),(603,537,11,'descripcion del producto k',42000.00,2),(604,537,12,'descripcion del producto l',30000.00,2),(607,539,2,'descripcion del producto b',2100.00,3),(608,539,13,'descripcion del producto m',4500.00,2),(609,540,2,'descripcion del producto b',2100.00,3),(610,540,13,'descripcion del producto m',4500.00,2),(615,543,2,'descripcion del producto b',2100.00,3),(616,543,13,'descripcion del producto m',4500.00,2),(617,544,2,'descripcion del producto b',2100.00,3),(618,544,13,'descripcion del producto m',4500.00,2),(623,547,2,'descripcion del producto b',2100.00,1),(624,547,13,'descripcion del producto m',4500.00,2),(632,554,10,'descripcion del producto j',50000.00,1),(633,554,10,'descripcion del producto j',50000.00,3),(634,554,18,'descripcion del producto q',91800.00,1),(635,555,10,'descripcion del producto j',50000.00,1),(636,555,10,'descripcion del producto j',50000.00,3),(637,555,18,'descripcion del producto q',91800.00,1),(638,557,10,'descripcion del producto j',50000.00,1),(639,557,10,'descripcion del producto j',50000.00,3),(640,557,18,'descripcion del producto q',91800.00,1),(641,558,10,'descripcion del producto j',50000.00,1),(642,558,10,'descripcion del producto j',50000.00,3),(643,558,18,'descripcion del producto q',91800.00,1),(644,559,10,'descripcion del producto j',50000.00,1),(645,559,10,'descripcion del producto j',50000.00,3),(646,559,18,'descripcion del producto q',91800.00,1),(647,560,10,'descripcion del producto j',50000.00,1),(648,560,15,'descripcion del producto z',56000.00,2),(649,560,16,'descripcion del producto o',20500.00,1),(650,561,10,'descripcion del producto j',50000.00,1),(651,561,15,'descripcion del producto z',56000.00,2),(652,561,16,'descripcion del producto o',20500.00,1),(653,561,18,'descripcion del producto q',91800.00,1),(654,562,10,'descripcion del producto j',50000.00,1),(655,562,15,'descripcion del producto z',56000.00,2),(656,562,16,'descripcion del producto o',20500.00,1),(657,562,18,'descripcion del producto q',91800.00,1),(658,563,7,'descripcion del producto g',5800.00,2),(659,563,10,'descripcion del producto j',50000.00,2),(660,564,18,'descripcion del producto q',91800.00,2),(661,586,10,'descripcion del producto j',50000.00,1),(662,586,10,'descripcion del producto j',50000.00,1),(663,586,10,'descripcion del producto j',50000.00,1),(664,641,10,'descripcion del producto j',50000.00,1),(665,641,15,'descripcion del producto z',56000.00,1),(666,641,18,'descripcion del producto q',91800.00,1),(667,658,1,'descripcion del producto j',50000.00,1),(668,663,1,'descripcion del producto j',50000.00,1),(669,664,1,'descripcion del producto j',50000.00,1),(670,665,1,'descripcion del producto j',50000.00,1),(671,672,12,'descripcion del producto j',50000.00,1),(672,673,10,'producto j',50000.00,1),(673,674,3,'producto c',15000.00,1),(674,675,10,'producto j',50000.00,1),(675,680,10,'descripcion del producto j',50000.00,1),(676,680,15,'descripcion del producto j',50000.00,1),(677,681,10,'descripcion del producto j',50000.00,1),(678,681,15,'descripcion del producto j',50000.00,1),(679,682,10,'descripcion del producto j',50000.00,1),(680,682,15,'descripcion del producto j',50000.00,1),(681,683,10,'descripcion del producto j',50000.00,1),(682,683,15,'descripcion del producto j',50000.00,1),(683,684,10,'descripcion del producto j',50000.00,1),(684,684,15,'descripcion del producto j',50000.00,1),(685,685,10,'descripcion del producto j',50000.00,1),(686,685,15,'descripcion del producto j',50000.00,1),(687,686,10,'descripcion del producto j',50000.00,1),(688,686,15,'descripcion del producto j',50000.00,1),(689,687,10,'descripcion del producto j',50000.00,1),(690,687,15,'descripcion del producto j',50000.00,1),(691,688,10,'descripcion del producto j',50000.00,1),(692,688,15,'descripcion del producto j',50000.00,1),(693,689,10,'descripcion del producto j',50000.00,1),(694,689,15,'descripcion del producto j',50000.00,1),(695,690,10,'descripcion del producto j',50000.00,1),(696,690,15,'descripcion del producto j',50000.00,1),(697,691,10,'descripcion del producto j',50000.00,1),(698,691,15,'descripcion del producto j',50000.00,1),(699,692,10,'descripcion del producto j',50000.00,1),(700,692,15,'descripcion del producto j',50000.00,1),(701,693,10,'descripcion del producto j',50000.00,1),(702,693,15,'descripcion del producto j',50000.00,1),(703,694,10,'descripcion del producto j',50000.00,1),(704,694,15,'descripcion del producto j',50000.00,1),(705,695,10,'descripcion del producto j',50000.00,1),(706,695,15,'descripcion del producto j',50000.00,1),(707,696,10,'descripcion del producto j',50000.00,1),(708,696,15,'descripcion del producto j',50000.00,1),(709,697,10,'descripcion del producto j',50000.00,1),(710,697,15,'descripcion del producto j',50000.00,1),(711,698,10,'descripcion del producto j',50000.00,1),(712,698,15,'descripcion del producto j',50000.00,1),(713,699,10,'descripcion del producto j',50000.00,1),(714,699,15,'descripcion del producto j',50000.00,1),(715,700,3,'producto c',15000.00,1),(716,701,2,'producto b',2100.00,1),(717,702,2,'producto b',2100.00,1),(718,703,2,'producto b',2100.00,1),(719,704,2,'producto b',2100.00,1),(720,705,10,'descripcion del producto j',50000.00,1),(721,705,15,'descripcion del producto j',50000.00,1),(722,706,10,'descripcion del producto j',50000.00,1),(723,706,15,'descripcion del producto j',50000.00,1),(724,707,10,'descripcion del producto j',50000.00,1),(725,707,15,'descripcion del producto j',50000.00,1),(726,708,10,'descripcion del producto j',50000.00,1),(727,708,15,'descripcion del producto j',50000.00,1),(728,709,10,'descripcion del producto j',50000.00,4),(729,709,15,'descripcion del producto j',50000.00,1),(730,710,10,'descripcion del producto j',50000.00,4),(731,710,15,'descripcion del producto j',50000.00,1),(732,711,3,'producto c',15000.00,1),(733,712,7,'producto g',5800.00,2),(734,713,10,'descripcion del producto j',50000.00,4),(735,713,15,'descripcion del producto j',50000.00,1),(736,714,2,'description',50.00,3),(737,716,15,'descripcion del producto j',50000.00,2),(738,716,10,'descripcion del producto j',50000.00,2),(739,717,15,'descripcion del producto j',50000.00,2),(740,717,10,'descripcion del producto j',50000.00,2),(741,717,10,'descripcion del producto j',50000.00,2),(742,717,10,'descripcion del producto j',50000.00,2),(743,717,10,'descripcion del producto j',50000.00,2),(744,718,15,'descripcion del producto j',50000.00,2),(745,718,10,'descripcion del producto j',50000.00,2),(746,718,10,'descripcion del producto j',50000.00,2),(747,718,10,'descripcion del producto j',50000.00,2),(748,718,10,'descripcion del producto j',50000.00,2),(749,719,15,'descripcion del producto j',50000.00,2),(750,719,10,'descripcion del producto j',50000.00,2),(751,719,10,'descripcion del producto j',50000.00,2),(752,719,10,'descripcion del producto j',50000.00,2),(753,719,10,'descripcion del producto j',50000.00,2),(754,720,10,'descripcion del producto j',50000.00,2),(755,720,10,'descripcion del producto j',50000.00,2),(756,721,10,'descripcion del producto j',50000.00,1),(757,722,15,' description here…',50000.00,5),(758,723,15,'descripcion del producto j',50000.00,2),(759,723,10,'descripcion del producto j',50000.00,2),(760,723,10,'descripcion del producto j',50000.00,2),(761,723,10,'descripcion del producto j',50000.00,2),(762,723,10,'descripcion del producto j',50000.00,2),(763,724,15,'descripcion del producto j',50000.00,2),(764,724,10,'descripcion del producto j',50000.00,2),(765,724,10,'descripcion del producto j',50000.00,2),(766,724,10,'descripcion del producto j',50000.00,2),(767,724,10,'descripcion del producto j',50000.00,2),(768,725,15,'descripcion del producto j',50000.00,2),(769,725,10,'descripcion del producto j',50000.00,2),(770,725,10,'descripcion del producto j',50000.00,2),(771,725,10,'descripcion del producto j',50000.00,2),(772,725,10,'descripcion del producto j',50000.00,2),(773,726,15,'descripcion del producto j',50000.00,2),(774,726,10,'descripcion del producto j',50000.00,2),(775,726,10,'descripcion del producto j',50000.00,2),(776,726,10,'descripcion del producto j',50000.00,2),(777,726,10,'descripcion del producto j',50000.00,2),(778,727,15,' description here…',50000.00,5),(779,728,10,'descripcion del producto j',50000.00,1),(780,728,15,'descripcion del producto z',56000.00,4),(781,729,10,'descripcion del producto j',50000.00,2),(782,729,15,'descripcion del producto z',56000.00,2),(783,729,16,'descripcion del producto o',20500.00,1),(784,730,10,'descripcion del producto j',50000.00,3),(785,730,15,'descripcion del producto z',56000.00,1),(786,730,18,'descripcion del producto q',91800.00,1),(787,731,10,'descripcion del producto j',50000.00,2),(788,732,10,'descripcion del producto j',50000.00,1),(789,732,15,'descripcion del producto z',56000.00,1),(790,732,16,'descripcion del producto o',20500.00,1),(791,732,18,'descripcion del producto q',91800.00,2),(792,734,18,'descripcion del producto q',91800.00,2),(793,734,17,'descripcion del producto p',60100.00,2),(794,735,18,'descripcion del producto q',91800.00,2),(795,735,17,'descripcion del producto p',60100.00,2),(796,736,18,'descripcion del producto q',91800.00,2),(797,736,17,'descripcion del producto p',60100.00,3),(798,737,10,'descripcion del producto j',50000.00,4),(799,737,16,'descripcion del producto o',20500.00,1),(800,738,15,'descripcion del producto z',56000.00,5),(801,739,16,'descripcion del producto o',20500.00,3),(802,739,18,'descripcion del producto q',91800.00,2),(803,740,15,'descripcion del producto z',56000.00,1),(804,740,16,'descripcion del producto o',20500.00,1),(805,741,1,'descripcion del producto a',12000.00,1),(806,741,7,'descripcion del producto g',5800.00,1),(807,741,11,'descripcion del producto k',42000.00,1),(808,741,7,'descripcion del producto g',5800.00,1),(809,741,17,'descripcion del producto p',60100.00,1),(810,742,15,'descripcion del producto z',56000.00,1),(811,742,15,'descripcion del producto z',56000.00,1),(812,742,16,'descripcion del producto o',20500.00,1),(823,818,15,'descripcion del producto z',56000.00,1),(824,819,5,'descripcion del producto e',59900.00,1),(825,819,15,'descripcion del producto z',56000.00,1),(826,823,13,'descripcion del producto m',4500.00,2),(827,823,15,'descripcion del producto z',56000.00,1),(828,824,13,'descripcion del producto m',4500.00,2),(829,824,15,'descripcion del producto z',56000.00,1),(830,825,13,'descripcion del producto m',4500.00,2),(831,825,15,'descripcion del producto z',56000.00,1),(832,826,5,'descripcion del producto e',59900.00,1),(833,826,15,'descripcion del producto z',56000.00,1),(834,827,5,'descripcion del producto e',59900.00,3),(835,827,15,'descripcion del producto z',56000.00,2),(836,830,5,'descripcion del producto e',59900.00,1),(837,830,15,'descripcion del producto z',56000.00,2),(838,834,5,'descripcion del producto e',59900.00,1),(839,834,13,'descripcion del producto m',4500.00,2),(840,835,5,'descripcion del producto e',59900.00,2),(841,835,13,'descripcion del producto m',4500.00,1),(842,835,15,'descripcion del producto z',56000.00,2),(843,836,5,'descripcion del producto e',59900.00,2),(844,836,13,'descripcion del producto m',4500.00,1),(845,836,15,'descripcion del producto z',56000.00,2),(846,837,5,'descripcion del producto e',59900.00,3),(847,837,15,'descripcion del producto z',56000.00,2),(848,838,5,'descripcion del producto e',59900.00,1),(849,838,13,'descripcion del producto m',4500.00,2),(850,838,15,'descripcion del producto z',56000.00,3),(851,839,5,'descripcion del producto e',59900.00,1),(852,839,13,'descripcion del producto m',4500.00,2),(853,839,15,'descripcion del producto z',56000.00,3),(854,840,5,'descripcion del producto e',59900.00,1),(855,840,13,'descripcion del producto m',4500.00,2),(856,840,15,'descripcion del producto z',56000.00,3),(857,841,2,'descripcion del producto b',2100.00,2),(858,841,13,'descripcion del producto m',4500.00,2),(859,854,2,'descripcion del producto b',2100.00,2),(860,854,13,'descripcion del producto m',4500.00,2),(870,870,3,'descripcion del producto c',58200.00,2),(871,872,3,'descripcion del producto c',61200.00,3),(872,877,1,'descripcion del producto a',24000.00,2),(873,878,3,'descripcion del producto c',29100.00,1),(874,879,3,'descripcion del producto c',58200.00,2),(875,880,3,'descripcion del producto c',58200.00,2),(876,881,1,'descripcion del producto a',24000.00,2),(877,881,2,'descripcion del producto b',28200.00,2),(878,881,3,'descripcion del producto c',58200.00,2),(879,882,1,'descripcion del producto a',24000.00,2),(880,882,2,'descripcion del producto b',26100.00,1),(881,882,3,'descripcion del producto c',41100.00,1),(882,883,1,'descripcion del producto a',24000.00,2),(883,883,2,'descripcion del producto b',28200.00,2),(884,883,3,'descripcion del producto c',58200.00,2),(885,884,1,'descripcion del producto a',12000.00,1),(886,884,2,'descripcion del producto b',14100.00,1),(887,885,2,'descripcion del producto b',2100.00,4),(888,885,13,'descripcion del producto m',4500.00,2),(889,886,2,'descripcion del producto b',2100.00,4),(890,886,13,'descripcion del producto m',4500.00,2),(891,887,2,'descripcion del producto b',2100.00,4),(892,887,13,'descripcion del producto m',4500.00,2),(893,888,2,'4',2.00,3),(894,889,9,'t',1.00,4),(895,890,2,'d',3.00,7),(896,891,7,'r',3.00,4),(897,892,7,'h',7.00,8),(898,893,3,'i',6.00,7),(899,894,13,'u',6.00,7),(900,895,10,'hello',20.00,3),(901,900,10,'Sin cubiertos ni servilletas',50000.00,1),(902,900,15,'Sin salsas',112000.00,2),(903,900,16,'Sin Azucar',20500.00,1),(904,901,10,'Sin cubiertos ni servilletas',50000.00,1),(905,901,15,'Sin salsas',112000.00,2),(906,901,16,'Sin Azucar',20500.00,1),(907,902,10,'Sin cubiertos ni servilletas',150000.00,3),(908,902,15,'Sin salsas',56000.00,1),(909,902,16,'Sin Azucar',20500.00,1),(910,903,10,'Sin cubiertos ni servilletas',150000.00,3),(911,903,15,'Sin salsas',56000.00,1),(912,903,16,'Sin Azucar',20500.00,1),(913,904,10,'Sin cubiertos ni servilletas',150000.00,3),(914,904,15,'Sin salsas',56000.00,1),(915,904,16,'Sin Azucar',20500.00,1),(916,905,10,'Sin cubiertos ni servilletas',150000.00,3),(917,905,15,'Sin salsas',56000.00,1),(918,905,16,'Sin Azucar',20500.00,1),(919,906,10,'Sin cubiertos ni servilletas',150000.00,3),(920,906,15,'Sin salsas',56000.00,1),(921,906,16,'Sin Azucar',20500.00,1),(922,907,10,'Sin cubiertos ni servilletas',150000.00,3),(923,907,15,'Sin salsas',56000.00,1),(924,907,16,'Sin Azucar',20500.00,1),(925,908,10,'Sin cubiertos ni servilletas',150000.00,3),(926,908,15,'Sin salsas',56000.00,1),(927,908,16,'Sin Azucar',20500.00,1),(929,913,1,'Descripcion producto 1',12000.00,2),(930,920,1,'Descripcion producto 1',12000.00,2),(931,921,1,'Descripcion producto 1',12000.00,3),(932,921,3,'Descripcion producto 3',25000.00,10),(933,922,11,'descripcion del producto k',12000.00,2),(934,922,20,'descripcion del producto s',25000.00,6),(935,922,7,'descripcion del producto g',58000.00,3),(936,923,10,'Sin cubiertos ni servilletas',150000.00,3),(937,923,15,'Sin salsas',56000.00,1),(938,923,16,'Sin Azucar',20500.00,1),(939,924,19,'description Product',34000.00,1),(940,925,19,'description Product',34000.00,1),(941,926,10,'description Product',50000.00,6);
/*!40000 ALTER TABLE `order_detail` ENABLE KEYS */;
UNLOCK TABLES;

--
-- Table structure for table `product`
--

DROP TABLE IF EXISTS `product`;
/*!40101 SET @saved_cs_client     = @@character_set_client */;
/*!40101 SET character_set_client = utf8 */;
CREATE TABLE `product` (
  `product_id` int(10) unsigned NOT NULL AUTO_INCREMENT,
  `name` varchar(191) COLLATE utf8mb4_unicode_ci NOT NULL,
  `product_description` varchar(191) COLLATE utf8mb4_unicode_ci NOT NULL,
  `price` double(10,2) NOT NULL,
  PRIMARY KEY (`product_id`)
) ENGINE=InnoDB AUTO_INCREMENT=21 DEFAULT CHARSET=utf8mb4 COLLATE=utf8mb4_unicode_ci;
/*!40101 SET character_set_client = @saved_cs_client */;

--
-- Dumping data for table `product`
--

LOCK TABLES `product` WRITE;
/*!40000 ALTER TABLE `product` DISABLE KEYS */;
INSERT INTO `product` VALUES (1,'producto a','descripcion del producto a',12000.00),(2,'producto b','descripcion del producto b',2100.00),(3,'producto c','descripcion del producto c',15000.00),(4,'producto d','descripcion del producto d',2000.00),(5,'producto e','descripcion del producto e',59900.00),(6,'producto f','descripcion del producto f',3000.00),(7,'producto g','descripcion del producto g',5800.00),(8,'producto h','descripcion del producto h',6900.00),(9,'producto i','descripcion del producto i',8000.00),(10,'producto j','descripcion del producto j',50000.00),(11,'producto k','descripcion del producto k',42000.00),(12,'producto l','descripcion del producto l',30000.00),(13,'producto m','descripcion del producto m',4500.00),(14,'producto n','descripcion del producto n',47500.00),(15,'producto z','descripcion del producto z',56000.00),(16,'producto o','descripcion del producto o',20500.00),(17,'producto p','descripcion del producto p',60100.00),(18,'producto q','descripcion del producto q',91800.00),(19,'producto r','descripcion del producto r',34000.00),(20,'producto s','descripcion del producto s',78900.00);
/*!40000 ALTER TABLE `product` ENABLE KEYS */;
UNLOCK TABLES;

--
-- Dumping routines for database 'test'
--
/*!40103 SET TIME_ZONE=@OLD_TIME_ZONE */;

/*!40101 SET SQL_MODE=@OLD_SQL_MODE */;
/*!40014 SET FOREIGN_KEY_CHECKS=@OLD_FOREIGN_KEY_CHECKS */;
/*!40014 SET UNIQUE_CHECKS=@OLD_UNIQUE_CHECKS */;
/*!40101 SET CHARACTER_SET_CLIENT=@OLD_CHARACTER_SET_CLIENT */;
/*!40101 SET CHARACTER_SET_RESULTS=@OLD_CHARACTER_SET_RESULTS */;
/*!40101 SET COLLATION_CONNECTION=@OLD_COLLATION_CONNECTION */;
/*!40111 SET SQL_NOTES=@OLD_SQL_NOTES */;

-- Dump completed on 2021-03-13 18:45:33
